Company,Income
Ace,42
Acme,7
Evil,28
Ace,42
Acme,7
Evil,28
Ace,42
Acme,7
Evil,28
Ace,42
Acme,7
Evil,28
Ace,42
Acme,7
Evil,28
Ace,42
Acme,7
Evil,28
Ace,42
Acme,7
Evil,28
Ace,42
Acme,7
Evil,28
Ace,42
Acme,7
Evil,28
Ace,42
Acme,7
Evil,28
Ace,42
Acme,7
Evil,28
Ace,42
Acme,7
Evil,28
Ace,42
Acme,7
Evil,28
Ace,42
Acme,7
Evil,28
Ace,42
Acme,7
Evil,28
Ace,42
Acme,7
Evil,28
Ace,42
Acme,7
Evil,28
Ace,42
Acme,7
Evil,28
Ace,42
Acme,7
Evil,28
Ace,42
Acme,7
Evil,28
Ace,42
Acme,7
Evil,28
Ace,42
Acme,7
Evil,28
Ace,42
Acme,7
Evil,28
Ace,42
Acme,7
Evil,28
Ace,42
Acme,7
Evil,28
Ace,42
Acme,7
Evil,28
Ace,42
Acme,7
Evil,28
Ace,42
Acme,7
Evil,28
Ace,42
Acme,7
Evil,28
Ace,42
Acme,7
Evil,28
Ace,42
Acme,7
Evil,28
Ace,42
Acme,7
Evil,28
Ace,42
Acme,7
Evil,28
Ace,42
Acme,7
Evil,28
Ace,42
Acme,7
Evil,28
Ace,42
Acme,7
Evil,28
Ace,42
Acme,7
Evil,28
Ace,42
Acme,7
Evil,28
Ace,42
Acme,7
Evil,28
Ace,42
Acme,7
Evil,28
Ace,42
Acme,7
Evil,28
Ace,42
Acme,7
Evil,28
Ace,42
Acme,7
Evil,28
Ace,42
Acme,7
Evil,28
Ace,42
Acme,7
Evil,28
Ace,42
Acme,7
Evil,28
Ace,42
Acme,7
Evil,28
Ace,42
Acme,7
Evil,28
Ace,42
Acme,7
Evil,28
Ace,42
Acme,7
Evil,28
Ace,42
Acme,7
Evil,28
Ace,42
Acme,7
Evil,28
Ace,42
Acme,7
Evil,28
Ace,42
Acme,7
Evil,28
Ace,42
Acme,7
Evil,28
Ace,42
Acme,7
Evil,28
Ace,42
Acme,7
Evil,28
Ace,42
Acme,7
Evil,28
Ace,42
Acme,7
Evil,28
Ace,42
Acme,7
Evil,28
Ace,42
Acme,7
Evil,28
Ace,42
Acme,7
Evil,28
Ace,42
Acme,7
Evil,28
Ace,42
Acme,7
Evil,28
Ace,42
Acme,7
Evil,28
Ace,42
Acme,7
Evil,28
Ace,42
Acme,7
Evil,28
Ace,42
Acme,7
Evil,28
Ace,42
Acme,7
Evil,28
Ace,42
Acme,7
Evil,28
Ace,42
Acme,7
Evil,28
Ace,42
Acme,7
Evil,28
Ace,42
Acme,7
Evil,28
Ace,42
Acme,7
Evil,28
Ace,42
Acme,7
Evil,28
Ace,42
Acme,7
Evil,28
Ace,42
Acme,7
Evil,28
Ace,42
Acme,7
Evil,28
Ace,42
Acme,7
Evil,28
Ace,42
Acme,7
Evil,28
Ace,42
Acme,7
Evil,28
Ace,42
Acme,7
Evil,28
Ace,42
Acme,7
Evil,28
Ace,42
Acme,7
Evil,28
Ace,42
Acme,7
Evil,28
Ace,42
Acme,7
Evil,28
Ace,42
Acme,7
Evil,28
Ace,42
Acme,7
Evil,28
Ace,42
Acme,7
Evil,28
Ace,42
Acme,7
Evil,28
Ace,42
Acme,7
Evil,28
Ace,42
Acme,7
Evil,28
Ace,42
Acme,7
Evil,28
Ace,42
Acme,7
Evil,28
Ace,42
Acme,7
Evil,28
Ace,42
Acme,7
Evil,28
Ace,42
Acme,7
Evil,28
Ace,42
Acme,7
Evil,28
Ace,42
Acme,7
Evil,28
Ace,42
Acme,7
Evil,28
Ace,42
Acme,7
Evil,28
Ace,42
Acme,7
Evil,28
Ace,42
Acme,7
Evil,28
Ace,42
Acme,7
Evil,28
Ace,42
Acme,7
Evil,28
Ace,42
Acme,7
Evil,28
Ace,42
Acme,7
Evil,28
Ace,42
Acme,7
Evil,28
Ace,42
Acme,7
Evil,28
Ace,42
Acme,7
Evil,28
Ace,42
Acme,7
Evil,28
Ace,42
Acme,7
Evil,28
Ace,42
Acme,7
Evil,28
Ace,42
Acme,7
Evil,28
Ace,42
Acme,7
Evil,28
Ace,42
Acme,7
Evil,28
Ace,42
Acme,7
Evil,28
Ace,42
Acme,7
Evil,28
Ace,42
Acme,7
Evil,28
Ace,42
Acme,7
Evil,28
Ace,42
Acme,7
Evil,28
Ace,42
Acme,7
Evil,28
Ace,42
Acme,7
Evil,28
Ace,42
Acme,7
Evil,28
Ace,42
Acme,7
Evil,28
Ace,42
Acme,7
Evil,28
Ace,42
Acme,7
Evil,28
Ace,42
Acme,7
Evil,28
Ace,42
Acme,7
Evil,28
Ace,42
Acme,7
Evil,28
Ace,42
Acme,7
Evil,28
Ace,42
Acme,7
Evil,28
Ace,42
Acme,7
Evil,28
Ace,42
Acme,7
Evil,28
Ace,42
Acme,7
Evil,28
Ace,42
Acme,7
Evil,28
Ace,42
Acme,7
Evil,28
Ace,42
Acme,7
Evil,28
Ace,42
Acme,7
Evil,28
Ace,42
Acme,7
Evil,28
Ace,42
Acme,7
Evil,28
Ace,42
Acme,7
Evil,28
Ace,42
Acme,7
Evil,28
Ace,42
Acme,7
Evil,28
Ace,42
Acme,7
Evil,28
Ace,42
Acme,7
Evil,28
Ace,42
Acme,7
Evil,28
Ace,42
Acme,7
Evil,28
Ace,42
Acme,7
Evil,28
Ace,42
Acme,7
Evil,28
Ace,42
Acme,7
Evil,28
Ace,42
Acme,7
Evil,28
Ace,42
Acme,7
Evil,28
Ace,42
Acme,7
Evil,28
Ace,42
Acme,7
Evil,28
Ace,42
Acme,7
Evil,28
Ace,42
Acme,7
Evil,28
Ace,42
Acme,7
Evil,28
Ace,42
Acme,7
Evil,28
Ace,42
Acme,7
Evil,28
Ace,42
Acme,7
Evil,28
Ace,42
Acme,7
Evil,28
Ace,42
Acme,7
Evil,28
Ace,42
Acme,7
Evil,28
Ace,42
Acme,7
Evil,28
Ace,42
Acme,7
Evil,28
Ace,42
Acme,7
Evil,28
Ace,42
Acme,7
Evil,28
Ace,42
Acme,7
Evil,28
Ace,42
Acme,7
Evil,28
Ace,42
Acme,7
Evil,28
Ace,42
Acme,7
Evil,28
Ace,42
Acme,7
Evil,28
Ace,42
Acme,7
Evil,28
Ace,42
Acme,7
Evil,28
Ace,42
Acme,7
Evil,28
Ace,42
Acme,7
Evil,28
Ace,42
Acme,7
Evil,28
Ace,42
Acme,7
Evil,28
Ace,42
Acme,7
Evil,28
Ace,42
Acme,7
Evil,28
Ace,42
Acme,7
Evil,28
Ace,42
Acme,7
Evil,28
Ace,42
Acme,7
Evil,28
Ace,42
Acme,7
Evil,28
Ace,42
Acme,7
Evil,28
Ace,42
Acme,7
Evil,28
Ace,42
Acme,7
Evil,28
Ace,42
Acme,7
Evil,28
Ace,42
Acme,7
Evil,28
Ace,42
Acme,7
Evil,28
Ace,42
Acme,7
Evil,28
Ace,42
Acme,7
Evil,28
Ace,42
Acme,7
Evil,28
Ace,42
Acme,7
Evil,28
Ace,42
Acme,7
Evil,28
Ace,42
Acme,7
Evil,28
Ace,42
Acme,7
Evil,28
Ace,42
Acme,7
Evil,28
Ace,42
Acme,7
Evil,28
Ace,42
Acme,7
Evil,28
Ace,42
Acme,7
Evil,28
Ace,42
Acme,7
Evil,28
Ace,42
Acme,7
Evil,28
Ace,42
Acme,7
Evil,28
Ace,42
Acme,7
Evil,28
Ace,42
Acme,7
Evil,28
Ace,42
Acme,7
Evil,28
Ace,42
Acme,7
Evil,28
Ace,42
Acme,7
Evil,28
Ace,42
Acme,7
Evil,28
Ace,42
Acme,7
Evil,28
Ace,42
Acme,7
Evil,28
Ace,42
Acme,7
Evil,28
Ace,42
Acme,7
Evil,28
Ace,42
Acme,7
Evil,28
Ace,42
Acme,7
Evil,28
Ace,42
Acme,7
Evil,28
Ace,42
Acme,7
Evil,28
Ace,42
Acme,7
Evil,28
Ace,42
Acme,7
Evil,28
Ace,42
Acme,7
Evil,28
Ace,42
Acme,7
Evil,28
Ace,42
Acme,7
Evil,28
Ace,42
Acme,7
Evil,28
Ace,42
Acme,7
Evil,28
Ace,42
Acme,7
Evil,28
Ace,42
Acme,7
Evil,28
Ace,42
Acme,7
Evil,28
Ace,42
Acme,7
Evil,28
Ace,42
Acme,7
Evil,28
Ace,42
Acme,7
Evil,28
Ace,42
Acme,7
Evil,28
Ace,42
Acme,7
Evil,28
Ace,42
Acme,7
Evil,28
Ace,42
Acme,7
Evil,28
Ace,42
Acme,7
Evil,28
Ace,42
Acme,7
Evil,28
Ace,42
Acme,7
Evil,28
Ace,42
Acme,7
Evil,28
Ace,42
Acme,7
Evil,28
Ace,42
Acme,7
Evil,28
Ace,42
Acme,7
Evil,28
Ace,42
Acme,7
Evil,28
Ace,42
Acme,7
Evil,28
Ace,42
Acme,7
Evil,28
Ace,42
Acme,7
Evil,28
Ace,42
Acme,7
Evil,28
Ace,42
Acme,7
Evil,28
Ace,42
Acme,7
Evil,28
Ace,42
Acme,7
Evil,28
Ace,42
Acme,7
Evil,28
Ace,42
Acme,7
Evil,28
Ace,42
Acme,7
Evil,28
Ace,42
Acme,7
Evil,28
Ace,42
Acme,7
Evil,28
Ace,42
Acme,7
Evil,28
Ace,42
Acme,7
Evil,28
Ace,42
Acme,7
Evil,28
Ace,42
Acme,7
Evil,28
Ace,42
Acme,7
Evil,28
Ace,42
Acme,7
Evil,28
Ace,42
Acme,7
Evil,28
Ace,42
Acme,7
Evil,28
Ace,42
Acme,7
Evil,28
Ace,42
Acme,7
Evil,28
Ace,42
Acme,7
Evil,28
Ace,42
Acme,7
Evil,28
Ace,42
Acme,7
Evil,28
Ace,42
Acme,7
Evil,28
Ace,42
Acme,7
Evil,28
Ace,42
Acme,7
Evil,28
Ace,42
Acme,7
Evil,28
Ace,42
Acme,7
Evil,28
Ace,42
Acme,7
Evil,28
Ace,42
Acme,7
Evil,28
Ace,42
Acme,7
Evil,28
Ace,42
Acme,7
Evil,28
Ace,42
Acme,7
Evil,28
Ace,42
Acme,7
Evil,28
Ace,42
Acme,7
Evil,28
Ace,42
Acme,7
Evil,28
Ace,42
Acme,7
Evil,28
Ace,42
Acme,7
Evil,28
Ace,42
Acme,7
Evil,28
Ace,42
Acme,7
Evil,28
Ace,42
Acme,7
Evil,28
Ace,42
Acme,7
Evil,28
Ace,42
Acme,7
Evil,28
Ace,42
Acme,7
Evil,28
Ace,42
Acme,7
Evil,28
Ace,42
Acme,7
Evil,28
Ace,42
Acme,7
Evil,28
Ace,42
Acme,7
Evil,28
Ace,42
Acme,7
Evil,28
Ace,42
Acme,7
Evil,28
Ace,42
Acme,7
Evil,28
Ace,42
Acme,7
Evil,28
Ace,42
Acme,7
Evil,28
Ace,42
Acme,7
Evil,28
Ace,42
Acme,7
Evil,28
Ace,42
Acme,7
Evil,28
Ace,42
Acme,7
Evil,28
Ace,42
Acme,7
Evil,28
Ace,42
Acme,7
Evil,28
Ace,42
Acme,7
Evil,28
Ace,42
Acme,7
Evil,28
Ace,42
Acme,7
Evil,28
Ace,42
Acme,7
Evil,28
Ace,42
Acme,7
Evil,28
Ace,42
Acme,7
Evil,28
Ace,42
Acme,7
Evil,28
Ace,42
Acme,7
Evil,28
Ace,42
Acme,7
Evil,28
Ace,42
Acme,7
Evil,28
Ace,42
Acme,7
Evil,28
Ace,42
Acme,7
Evil,28
Ace,42
Acme,7
Evil,28
Ace,42
Acme,7
Evil,28
Ace,42
Acme,7
Evil,28
Ace,42
Acme,7
Evil,28
Ace,42
Acme,7
Evil,28
Ace,42
Acme,7
Evil,28
Ace,42
Acme,7
Evil,28
Ace,42
Acme,7
Evil,28
Ace,42
Acme,7
Evil,28
Ace,42
Acme,7
Evil,28
Ace,42
Acme,7
Evil,28
Ace,42
Acme,7
Evil,28
Ace,42
Acme,7
Evil,28
Ace,42
Acme,7
Evil,28
Ace,42
Acme,7
Evil,28
Ace,42
Acme,7
Evil,28
Ace,42
Acme,7
Evil,28
Ace,42
Acme,7
Evil,28
Ace,42
Acme,7
Evil,28
Ace,42
Acme,7
Evil,28
Ace,42
Acme,7
Evil,28
Ace,42
Acme,7
Evil,28
Ace,42
Acme,7
Evil,28
Ace,42
Acme,7
Evil,28
Ace,42
Acme,7
Evil,28
Ace,42
Acme,7
Evil,28
Ace,42
Acme,7
Evil,28
Ace,42
Acme,7
Evil,28
Ace,42
Acme,7
Evil,28
Ace,42
Acme,7
Evil,28
Ace,42
Acme,7
Evil,28
Ace,42
Acme,7
Evil,28
Ace,42
Acme,7
Evil,28
Ace,42
Acme,7
Evil,28
Ace,42
Acme,7
Evil,28
Ace,42
Acme,7
Evil,28
Ace,42
Acme,7
Evil,28
Ace,42
Acme,7
Evil,28
Ace,42
Acme,7
Evil,28
Ace,42
Acme,7
Evil,28
Ace,42
Acme,7
Evil,28
Ace,42
Acme,7
Evil,28
Ace,42
Acme,7
Evil,28
Ace,42
Acme,7
Evil,28
Ace,42
Acme,7
Evil,28
Ace,42
Acme,7
Evil,28
Ace,42
Acme,7
Evil,28
Ace,42
Acme,7
Evil,28
Ace,42
Acme,7
Evil,28
Ace,42
Acme,7
Evil,28
Ace,42
Acme,7
Evil,28
Ace,42
Acme,7
Evil,28
Ace,42
Acme,7
Evil,28
Ace,42
Acme,7
Evil,28
Ace,42
Acme,7
Evil,28
Ace,42
Acme,7
Evil,28
Ace,42
Acme,7
Evil,28
Ace,42
Acme,7
Evil,28
Ace,42
Acme,7
Evil,28
Ace,42
Acme,7
Evil,28
Ace,42
Acme,7
Evil,28
Ace,42
Acme,7
Evil,28
Ace,42
Acme,7
Evil,28
Ace,42
Acme,7
Evil,28
Ace,42
Acme,7
Evil,28
Ace,42
Acme,7
Evil,28
Ace,42
Acme,7
Evil,28
Ace,42
Acme,7
Evil,28
Ace,42
Acme,7
Evil,28
Ace,42
Acme,7
Evil,28
Ace,42
Acme,7
Evil,28
Ace,42
Acme,7
Evil,28
Ace,42
Acme,7
Evil,28
Ace,42
Acme,7
Evil,28
Ace,42
Acme,7
Evil,28
Ace,42
Acme,7
Evil,28
Ace,42
Acme,7
Evil,28
Ace,42
Acme,7
Evil,28
Ace,42
Acme,7
Evil,28
Ace,42
Acme,7
Evil,28
Ace,42
Acme,7
Evil,28
Ace,42
Acme,7
Evil,28
Ace,42
Acme,7
Evil,28
Ace,42
Acme,7
Evil,28
Ace,42
Acme,7
Evil,28
Ace,42
Acme,7
Evil,28
Ace,42
Acme,7
Evil,28
Ace,42
Acme,7
Evil,28
Ace,42
Acme,7
Evil,28
Ace,42
Acme,7
Evil,28
Ace,42
Acme,7
Evil,28
Ace,42
Acme,7
Evil,28
Ace,42
Acme,7
Evil,28
Ace,42
Acme,7
Evil,28
Ace,42
Acme,7
Evil,28
Ace,42
Acme,7
Evil,28
Ace,42
Acme,7
Evil,28
Ace,42
Acme,7
Evil,28
Ace,42
Acme,7
Evil,28
Ace,42
Acme,7
Evil,28
Ace,42
Acme,7
Evil,28
Ace,42
Acme,7
Evil,28
Ace,42
Acme,7
Evil,28
Ace,42
Acme,7
Evil,28
Ace,42
Acme,7
Evil,28
Ace,42
Acme,7
Evil,28
Ace,42
Acme,7
Evil,28
Ace,42
Acme,7
Evil,28
Ace,42
Acme,7
Evil,28
Ace,42
Acme,7
Evil,28
Ace,42
Acme,7
Evil,28
Ace,42
Acme,7
Evil,28
Ace,42
Acme,7
Evil,28
Ace,42
Acme,7
Evil,28
Ace,42
Acme,7
Evil,28
Ace,42
Acme,7
Evil,28
Ace,42
Acme,7
Evil,28
Ace,42
Acme,7
Evil,28
Ace,42
Acme,7
Evil,28
Ace,42
Acme,7
Evil,28
Ace,42
Acme,7
Evil,28
Ace,42
Acme,7
Evil,28
Ace,42
Acme,7
Evil,28
Ace,42
Acme,7
Evil,28
Ace,42
Acme,7
Evil,28
Ace,42
Acme,7
Evil,28
Ace,42
Acme,7
Evil,28
Ace,42
Acme,7
Evil,28
Ace,42
Acme,7
Evil,28
Ace,42
Acme,7
Evil,28
Ace,42
Acme,7
Evil,28
Ace,42
Acme,7
Evil,28
Ace,42
Acme,7
Evil,28
Ace,42
Acme,7
Evil,28
Ace,42
Acme,7
Evil,28
Ace,42
Acme,7
Evil,28
Ace,42
Acme,7
Evil,28
Ace,42
Acme,7
Evil,28
Ace,42
Acme,7
Evil,28
Ace,42
Acme,7
Evil,28
Ace,42
Acme,7
Evil,28
Ace,42
Acme,7
Evil,28
Ace,42
Acme,7
Evil,28
Ace,42
Acme,7
Evil,28
Ace,42
Acme,7
Evil,28
Ace,42
Acme,7
Evil,28
Ace,42
Acme,7
Evil,28
Ace,42
Acme,7
Evil,28
Ace,42
Acme,7
Evil,28
Ace,42
Acme,7
Evil,28
Ace,42
Acme,7
Evil,28
Ace,42
Acme,7
Evil,28
Ace,42
Acme,7
Evil,28
Ace,42
Acme,7
Evil,28
Ace,42
Acme,7
Evil,28
Ace,42
Acme,7
Evil,28
Ace,42
Acme,7
Evil,28
Ace,42
Acme,7
Evil,28
Ace,42
Acme,7
Evil,28
Ace,42
Acme,7
Evil,28
Ace,42
Acme,7
Evil,28
Ace,42
Acme,7
Evil,28
Ace,42
Acme,7
Evil,28
Ace,42
Acme,7
Evil,28
Ace,42
Acme,7
Evil,28
Ace,42
Acme,7
Evil,28
Ace,42
Acme,7
Evil,28
Ace,42
Acme,7
Evil,28
Ace,42
Acme,7
Evil,28
Ace,42
Acme,7
Evil,28
Ace,42
Acme,7
Evil,28
Ace,42
Acme,7
Evil,28
Ace,42
Acme,7
Evil,28
Ace,42
Acme,7
Evil,28
Ace,42
Acme,7
Evil,28
Ace,42
Acme,7
Evil,28
Ace,42
Acme,7
Evil,28
Ace,42
Acme,7
Evil,28
Ace,42
Acme,7
Evil,28
Ace,42
Acme,7
Evil,28
Ace,42
Acme,7
Evil,28
Ace,42
Acme,7
Evil,28
Ace,42
Acme,7
Evil,28
Ace,42
Acme,7
Evil,28
Ace,42
Acme,7
Evil,28
Ace,42
Acme,7
Evil,28
Ace,42
Acme,7
Evil,28
Ace,42
Acme,7
Evil,28
Ace,42
Acme,7
Evil,28
Ace,42
Acme,7
Evil,28
Ace,42
Acme,7
Evil,28
Ace,42
Acme,7
Evil,28
Ace,42
Acme,7
Evil,28
Ace,42
Acme,7
Evil,28
Ace,42
Acme,7
Evil,28
Ace,42
Acme,7
Evil,28
Ace,42
Acme,7
Evil,28
Ace,42
Acme,7
Evil,28
Ace,42
Acme,7
Evil,28
Ace,42
Acme,7
Evil,28
Ace,42
Acme,7
Evil,28
Ace,42
Acme,7
Evil,28
Ace,42
Acme,7
Evil,28
Ace,42
Acme,7
Evil,28
Ace,42
Acme,7
Evil,28
Ace,42
Acme,7
Evil,28
Ace,42
Acme,7
Evil,28
Ace,42
Acme,7
Evil,28
Ace,42
Acme,7
Evil,28
Ace,42
Acme,7
Evil,28
Ace,42
Acme,7
Evil,28
Ace,42
Acme,7
Evil,28
Ace,42
Acme,7
Evil,28
Ace,42
Acme,7
Evil,28
Ace,42
Acme,7
Evil,28
Ace,42
Acme,7
Evil,28
Ace,42
Acme,7
Evil,28
Ace,42
Acme,7
Evil,28
Ace,42
Acme,7
Evil,28
Ace,42
Acme,7
Evil,28
Ace,42
Acme,7
Evil,28
Ace,42
Acme,7
Evil,28
Ace,42
Acme,7
Evil,28
Ace,42
Acme,7
Evil,28
Ace,42
Acme,7
Evil,28
Ace,42
Acme,7
Evil,28
Ace,42
Acme,7
Evil,28
Ace,42
Acme,7
Evil,28
Ace,42
Acme,7
Evil,28
Ace,42
Acme,7
Evil,28
Ace,42
Acme,7
Evil,28
Ace,42
Acme,7
Evil,28
Ace,42
Acme,7
Evil,28
Ace,42
Acme,7
Evil,28
Ace,42
Acme,7
Evil,28
Ace,42
Acme,7
Evil,28
Ace,42
Acme,7
Evil,28
Ace,42
Acme,7
Evil,28
Ace,42
Acme,7
Evil,28
Ace,42
Acme,7
Evil,28
Ace,42
Acme,7
Evil,28
Ace,42
Acme,7
Evil,28
Ace,42
Acme,7
Evil,28
Ace,42
Acme,7
Evil,28
Ace,42
Acme,7
Evil,28
Ace,42
Acme,7
Evil,28
Ace,42
Acme,7
Evil,28
Ace,42
Acme,7
Evil,28
Ace,42
Acme,7
Evil,28
Ace,42
Acme,7
Evil,28
Ace,42
Acme,7
Evil,28
Ace,42
Acme,7
Evil,28
Ace,42
Acme,7
Evil,28
Ace,42
Acme,7
Evil,28
Ace,42
Acme,7
Evil,28
Ace,42
Acme,7
Evil,28
Ace,42
Acme,7
Evil,28
Ace,42
Acme,7
Evil,28
Ace,42
Acme,7
Evil,28
Ace,42
Acme,7
Evil,28
Ace,42
Acme,7
Evil,28
Ace,42
Acme,7
Evil,28
Ace,42
Acme,7
Evil,28
Ace,42
Acme,7
Evil,28
Ace,42
Acme,7
Evil,28
Ace,42
Acme,7
Evil,28
Ace,42
Acme,7
Evil,28
Ace,42
Acme,7
Evil,28
Ace,42
Acme,7
Evil,28
Ace,42
Acme,7
Evil,28
Ace,42
Acme,7
Evil,28
Ace,42
Acme,7
Evil,28
Ace,42
Acme,7
Evil,28
Ace,42
Acme,7
Evil,28
Ace,42
Acme,7
Evil,28
Ace,42
Acme,7
Evil,28
Ace,42
Acme,7
Evil,28
Ace,42
Acme,7
Evil,28
Ace,42
Acme,7
Evil,28
Ace,42
Acme,7
Evil,28
Ace,42
Acme,7
Evil,28
Ace,42
Acme,7
Evil,28
Ace,42
Acme,7
Evil,28
Ace,42
Acme,7
Evil,28
Ace,42
Acme,7
Evil,28
Ace,42
Acme,7
Evil,28
Ace,42
Acme,7
Evil,28
Ace,42
Acme,7
Evil,28
Ace,42
Acme,7
Evil,28
Ace,42
Acme,7
Evil,28
Ace,42
Acme,7
Evil,28
Ace,42
Acme,7
Evil,28
Ace,42
Acme,7
Evil,28
Ace,42
Acme,7
Evil,28
Ace,42
Acme,7
Evil,28
Ace,42
Acme,7
Evil,28
Ace,42
Acme,7
Evil,28
Ace,42
Acme,7
Evil,28
Ace,42
Acme,7
Evil,28
Ace,42
Acme,7
Evil,28
Ace,42
Acme,7
Evil,28
Ace,42
Acme,7
Evil,28
Ace,42
Acme,7
Evil,28
Ace,42
Acme,7
Evil,28
Ace,42
Acme,7
Evil,28
Ace,42
Acme,7
Evil,28
Ace,42
Acme,7
Evil,28
Ace,42
Acme,7
Evil,28
Ace,42
Acme,7
Evil,28
Ace,42
Acme,7
Evil,28
Ace,42
Acme,7
Evil,28
Ace,42
Acme,7
Evil,28
Ace,42
Acme,7
Evil,28
Ace,42
Acme,7
Evil,28
Ace,42
Acme,7
Evil,28
Ace,42
Acme,7
Evil,28
Ace,42
Acme,7
Evil,28
Ace,42
Acme,7
Evil,28
Ace,42
Acme,7
Evil,28
Ace,42
Acme,7
Evil,28
Ace,42
Acme,7
Evil,28
Ace,42
Acme,7
Evil,28
Ace,42
Acme,7
Evil,28
Ace,42
Acme,7
Evil,28
Ace,42
Acme,7
Evil,28
Ace,42
Acme,7
Evil,28
Ace,42
Acme,7
Evil,28
Ace,42
Acme,7
Evil,28
Ace,42
Acme,7
Evil,28
Ace,42
Acme,7
Evil,28
Ace,42
Acme,7
Evil,28
Ace,42
Acme,7
Evil,28
Ace,42
Acme,7
Evil,28
Ace,42
Acme,7
Evil,28
Ace,42
Acme,7
Evil,28
Ace,42
Acme,7
Evil,28
Ace,42
Acme,7
Evil,28
Ace,42
Acme,7
Evil,28
Ace,42
Acme,7
Evil,28
Ace,42
Acme,7
Evil,28
Ace,42
Acme,7
Evil,28
Ace,42
Acme,7
Evil,28
Ace,42
Acme,7
Evil,28
Ace,42
Acme,7
Evil,28
Ace,42
Acme,7
Evil,28
Ace,42
Acme,7
Evil,28
Ace,42
Acme,7
Evil,28
Ace,42
Acme,7
Evil,28
Ace,42
Acme,7
Evil,28
Ace,42
Acme,7
Evil,28
Ace,42
Acme,7
Evil,28
Ace,42
Acme,7
Evil,28
Ace,42
Acme,7
Evil,28
Ace,42
Acme,7
Evil,28
Ace,42
Acme,7
Evil,28
Ace,42
Acme,7
Evil,28
Ace,42
Acme,7
Evil,28
Ace,42
Acme,7
Evil,28
Ace,42
Acme,7
Evil,28
Ace,42
Acme,7
Evil,28
Ace,42
Acme,7
Evil,28
Ace,42
Acme,7
Evil,28
Ace,42
Acme,7
Evil,28
Ace,42
Acme,7
Evil,28
Ace,42
Acme,7
Evil,28
Ace,42
Acme,7
Evil,28
Ace,42
Acme,7
Evil,28
Ace,42
Acme,7
Evil,28
Ace,42
Acme,7
Evil,28